<?xml version="1.0" encoding="UTF-8"?>
<project-private xmlns="http://www.netbeans.org/ns/project-private/1">
    <editor-bookmarks xmlns="http://www.netbeans.org/ns/editor-bookmarks/2" lastBookmarkId="0"/>
    <open-files xmlns="http://www.netbeans.org/ns/projectui-open-files/2">
        <group>
            <file>file:/C:/Users/Universidad%20Felipe/Documents/universidad/computacion%20grafica/paint/src/modelo/Archivo.java</file>
            <file>file:/C:/Users/Universidad%20Felipe/Documents/universidad/computacion%20grafica/paint/src/controladorInterfaz/FXMLDocumentController.java</file>
            <file>file:/C:/Users/Universidad%20Felipe/Documents/universidad/computacion%20grafica/paint/src/vista/FXMLDocument.fxml</file>
        </group>
    </open-files>
</project-private>
